tx_id,timestamp,from_account,to_account,amount_paid,amount_formatted,currency,payment_format,gat_raw_logit,gat_prob,risk_tier,risk_score,is_fanout,sender_out_degree,sender_unique_receivers,retroactive_escalated,retroactive_reason
TX-SIM-00001,2022-09-01 00:03:00,817F973B0,817F979B0,5684571.0,$5.68M,Saudi Riyal,Cheque,20.146268844604492,1.0,High,99,False,1,1,False,
TX-SIM-00002,2022-09-01 09:12:00,80227D060,808A286D0,72.63,$72.63,Euro,Cheque,12.166974067687988,0.9999947547912598,High,99,False,1,1,False,
TX-SIM-00003,2022-09-01 18:30:00,801B16880,8163227C0,623.67,$623.67,Euro,Cash,12.503454208374023,0.9999963045120239,High,99,False,1,1,False,
TX-SIM-00004,2022-09-01 20:06:00,80060B3A0,800D5D510,12196.07,"$12,196.07",Euro,ACH,15.141788482666016,0.9999997615814209,High,99,True,1,1,True,Escalated to Fraud: Sender 80060B3A0 branched to 2 receivers at Tx #TX-SIM-00015
TX-SIM-00005,2022-09-01 20:28:00,8004943A0,800AA1DA0,18534.45,"$18,534.45",US Dollar,ACH,15.866552352905273,0.9999998807907104,High,99,True,1,1,True,Escalated to Fraud: Sender 8004943A0 branched to 2 receivers at Tx #TX-SIM-00011
TX-SIM-00006,2022-09-01 20:55:00,81A217C11,81A4AB801,0.276828,$0.28,Bitcoin,Bitcoin,15.122870445251465,0.9999997615814209,High,99,False,1,1,False,
TX-SIM-00007,2022-09-01 23:18:00,8088DA970,80EDA5E40,16505.05,"$16,505.05",Euro,Credit Card,14.520108222961426,0.9999995231628418,High,99,False,1,1,False,
TX-SIM-00008,2022-09-02 01:54:00,803526830,81495FDF0,3715.38,"$3,715.38",US Dollar,Credit Card,11.476815223693848,0.9999896287918091,High,99,False,1,1,False,
TX-SIM-00009,2022-09-02 06:37:00,80B6F24C0,814214A40,885.46,$885.46,Euro,Cheque,11.138839721679688,0.9999854564666748,High,99,False,1,1,False,
TX-SIM-00010,2022-09-02 10:44:00,8000A5A20,80D3D90C0,29.34,$29.34,Canadian Dollar,Credit Card,11.516105651855469,0.9999899864196777,High,99,False,1,1,False,
TX-SIM-00011,2022-09-02 11:06:00,8004943A0,800843180,1850.47,"$1,850.47",Euro,ACH,11.412781715393066,0.9999889135360718,High,98,True,2,2,False,
TX-SIM-00012,2022-09-02 12:12:00,8004943A0,800297990,16820.62,"$16,820.62",US Dollar,ACH,12.177702903747559,0.9999948740005493,High,98,True,3,3,False,
TX-SIM-00013,2022-09-02 14:03:00,805FEC910,8061DA640,52.17,$52.17,US Dollar,Credit Card,10.013628959655762,0.9999551773071289,High,99,False,1,1,False,
TX-SIM-00014,2022-09-02 16:29:00,80081A660,8008FF250,93.86,$93.86,US Dollar,Cheque,10.889538764953613,0.9999814033508301,High,99,False,1,1,False,
TX-SIM-00015,2022-09-02 17:36:00,80060B3A0,800804470,5260.9,"$5,260.90",US Dollar,ACH,12.328095436096191,0.9999955892562866,High,98,True,2,2,False,
TX-SIM-00016,2022-09-02 17:47:00,8004943A0,800C6B2D0,19765.07,"$19,765.07",US Dollar,ACH,11.65498161315918,0.9999912977218628,High,98,True,4,4,False,
TX-SIM-00017,2022-09-02 18:32:00,819F8F421,81C0115A1,0.964356,$0.96,Bitcoin,Bitcoin,14.55662727355957,0.9999995231628418,High,99,False,1,1,False,
TX-SIM-00018,2022-09-02 18:36:00,803328260,8040E5E70,251.74,$251.74,Euro,Credit Card,9.329673767089844,0.9999113082885742,High,99,False,1,1,False,
TX-SIM-00019,2022-09-02 20:56:00,80060B3A0,80005CA70,5907.18,"$5,907.18",US Dollar,ACH,11.663982391357422,0.9999914169311523,High,98,True,3,3,False,
TX-SIM-00020,2022-09-02 21:23:00,808B6C3B0,80ABCE300,16640.39,"$16,640.39",Rupee,Cheque,12.73434066772461,0.9999970197677612,High,99,False,1,1,False,
TX-SIM-00021,2022-09-03 07:38:00,8004943A0,800404F90,15738.94,"$15,738.94",Euro,ACH,13.768592834472656,0.999998927116394,High,98,True,5,5,False,
TX-SIM-00022,2022-09-03 07:49:00,80060B3A0,800234E30,15249.24,"$15,249.24",Euro,ACH,14.57722282409668,0.9999995231628418,High,98,True,4,4,False,
TX-SIM-00023,2022-09-03 08:21:00,8004943A0,800E33990,10707.55,"$10,707.55",US Dollar,ACH,13.686553001403809,0.9999988079071045,High,98,True,6,6,False,
TX-SIM-00024,2022-09-03 12:58:00,80060B3A0,8004F4B00,6904.98,"$6,904.98",US Dollar,ACH,13.617682456970215,0.9999988079071045,High,98,True,5,5,False,
TX-SIM-00025,2022-09-03 14:50:00,8004943A0,800AAE3B0,11331.44,"$11,331.44",Euro,ACH,12.101430892944336,0.9999943971633911,High,98,True,7,7,False,
TX-SIM-00026,2022-09-03 16:48:00,8004943A0,80011D080,12780.33,"$12,780.33",US Dollar,ACH,13.139073371887207,0.9999980926513672,High,98,True,8,8,False,
TX-SIM-00027,2022-09-03 16:50:00,80060B3A0,8007224B0,8628.31,"$8,628.31",US Dollar,ACH,13.513849258422852,0.9999986886978149,High,98,True,6,6,False,
TX-SIM-00028,2022-09-03 17:36:00,8004943A0,800A1DAE0,2659.52,"$2,659.52",Euro,ACH,11.869479179382324,0.9999929666519165,High,98,True,9,9,False,
TX-SIM-00029,2022-09-03 19:57:00,8004943A0,8015879D0,8172.36,"$8,172.36",Euro,ACH,12.274761199951172,0.9999953508377075,High,98,True,10,10,False,
TX-SIM-00030,2022-09-03 21:00:00,80060B3A0,8000A8A80,12608.82,"$12,608.82",Australian Dollar,ACH,13.736525535583496,0.999998927116394,High,98,True,7,7,False,
TX-SIM-00031,2022-09-03 23:20:00,80060B3A0,800618C30,14751.47,"$14,751.47",US Dollar,ACH,13.37759780883789,0.9999984502792358,High,98,True,8,8,False,
TX-SIM-00032,2022-09-04 02:17:00,8004943A0,800A53100,13917.05,"$13,917.05",US Dollar,ACH,12.342069625854492,0.9999955892562866,High,98,True,11,11,False,
TX-SIM-00033,2022-09-04 04:08:00,81950BA71,81A41D1E1,0.010015,$0.01,Bitcoin,Bitcoin,13.778545379638672,0.999998927116394,High,99,False,1,1,False,
TX-SIM-00034,2022-09-04 05:30:00,8060D6D10,80B9E6910,460.47,$460.47,Euro,Cash,14.708887100219727,0.9999996423721313,High,99,False,1,1,False,
TX-SIM-00035,2022-09-04 08:36:00,8004943A0,80048A6E0,4394.77,"$4,394.77",Euro,ACH,11.465386390686035,0.9999895095825195,High,98,True,12,12,False,
TX-SIM-00036,2022-09-04 12:35:00,80060B3A0,800AF0150,11470.47,"$11,470.47",US Dollar,ACH,12.753385543823242,0.9999971389770508,High,98,True,9,9,False,
TX-SIM-00037,2022-09-04 13:33:00,8004943A0,800073410,17846.21,"$17,846.21",Yuan,ACH,12.064437866210938,0.9999942779541016,High,98,True,13,13,False,
TX-SIM-00038,2022-09-04 13:56:00,80060B3A0,8001505C0,2848.66,"$2,848.66",US Dollar,ACH,11.431211471557617,0.9999891519546509,High,98,True,10,10,False,
TX-SIM-00039,2022-09-04 19:41:00,805756EB0,80F98ECB0,7009.17,"$7,009.17",US Dollar,ACH,17.19475746154785,1.0,High,99,True,1,1,True,Escalated to Fraud: Sender 805756EB0 branched to 2 receivers at Tx #TX-SIM-00042
TX-SIM-00040,2022-09-04 23:17:00,80B41F760,80B42AB80,3901.34,"$3,901.34",US Dollar,ACH,15.787596702575684,0.9999998807907104,High,99,False,1,1,False,
TX-SIM-00041,2022-09-05 07:58:00,80B4A8A90,80BA9F560,20126.46,"$20,126.46",Ruble,Credit Card,11.714158058166504,0.999991774559021,High,99,False,1,1,False,
TX-SIM-00042,2022-09-05 08:29:00,805756EB0,8009B5440,13232.59,"$13,232.59",US Dollar,ACH,16.917770385742188,1.0,High,98,True,2,2,False,
TX-SIM-00043,2022-09-05 11:21:00,80060B3A0,800DFB910,8593.9,"$8,593.90",Euro,ACH,13.222246170043945,0.9999982118606567,High,98,True,11,11,False,
TX-SIM-00044,2022-09-05 14:10:00,805756EB0,80FE82550,1986.25,"$1,986.25",Euro,ACH,14.083471298217773,0.9999992847442627,High,98,True,3,3,False,
TX-SIM-00045,2022-09-05 14:16:00,80060B3A0,800469B70,971295.01,"$971,295.01",Euro,ACH,20.347841262817383,1.0,High,98,True,12,12,False,
TX-SIM-00046,2022-09-05 14:35:00,80060B3A0,800AECC10,11375.95,"$11,375.95",US Dollar,ACH,12.787302017211914,0.9999972581863403,High,98,True,13,13,False,
TX-SIM-00047,2022-09-05 14:38:00,8004943A0,800DE3000,13655.9,"$13,655.90",US Dollar,ACH,13.250751495361328,0.9999982118606567,High,98,True,14,14,False,
TX-SIM-00048,2022-09-05 16:44:00,8004943A0,801426610,7959.76,"$7,959.76",US Dollar,ACH,12.755012512207031,0.9999971389770508,High,98,True,15,15,False,
TX-SIM-00049,2022-09-05 18:59:00,80060B3A0,80077B760,1471.51,"$1,471.51",US Dollar,ACH,12.209452629089355,0.9999949932098389,High,98,True,14,14,False,
TX-SIM-00050,2022-09-05 19:41:00,80060B3A0,80061FEF0,1553.76,"$1,553.76",US Dollar,ACH,12.070539474487305,0.9999942779541016,High,98,True,15,15,False,
TX-SIM-00051,2022-09-05 20:56:00,800D10AF0,800DF9310,682.8,$682.80,US Dollar,Cheque,18.52543067932129,1.0,High,99,False,1,1,False,
TX-SIM-00052,2022-09-06 01:59:00,800774890,80009FC90,15677.41,"$15,677.41",Canadian Dollar,ACH,18.7969913482666,1.0,High,99,True,1,1,True,Escalated to Fraud: Sender 800774890 branched to 2 receivers at Tx #TX-SIM-00054
TX-SIM-00053,2022-09-06 02:21:00,80DCF61B0,811FC4DF0,454.4,$454.40,US Dollar,Credit Card,13.558137893676758,0.9999986886978149,High,99,False,1,1,False,
TX-SIM-00054,2022-09-06 07:45:00,800774890,8002BA9A0,12694.85,"$12,694.85",US Dollar,ACH,16.00222396850586,0.9999998807907104,High,98,True,2,2,False,
TX-SIM-00055,2022-09-06 10:15:00,800774890,8003EA620,16960.88,"$16,960.88",US Dollar,ACH,15.997602462768555,0.9999998807907104,High,98,True,3,3,False,
TX-SIM-00056,2022-09-06 11:45:00,805756EB0,80AD106C0,9525.94,"$9,525.94",US Dollar,ACH,12.707255363464355,0.9999970197677612,High,98,True,4,4,False,
TX-SIM-00057,2022-09-06 15:03:00,805756EB0,802CCF530,91725.03,"$91,725.03",Yuan,ACH,14.4044189453125,0.9999994039535522,High,98,True,5,5,False,
TX-SIM-00058,2022-09-06 16:35:00,805756EB0,8084D0590,3144.96,"$3,144.96",Euro,ACH,12.474374771118164,0.9999961853027344,High,98,True,6,6,False,
TX-SIM-00059,2022-09-06 17:07:00,805756EB0,80224E670,14695.36,"$14,695.36",Euro,ACH,13.222582817077637,0.9999982118606567,High,98,True,7,7,False,
TX-SIM-00060,2022-09-06 23:46:00,8075299E0,80B84CB60,3698.17,"$3,698.17",US Dollar,Cheque,18.052988052368164,1.0,High,99,False,1,1,False,
TX-SIM-00061,2022-09-07 01:52:00,800774890,800822070,614.29,$614.29,US Dollar,ACH,11.664706230163574,0.9999914169311523,High,98,True,4,4,False,
TX-SIM-00062,2022-09-07 04:43:00,805756EB0,8050C86F0,4835.59,"$4,835.59",US Dollar,ACH,12.052742004394531,0.999994158744812,High,98,True,8,8,False,
TX-SIM-00063,2022-09-07 10:46:00,800DAA850,801C37770,144.2,$144.20,Euro,Credit Card,13.401561737060547,0.9999984502792358,High,99,False,1,1,False,
TX-SIM-00064,2022-09-07 12:32:00,800774890,8005150D0,3714.47,"$3,714.47",US Dollar,ACH,12.242984771728516,0.999995231628418,High,98,True,5,5,False,
TX-SIM-00065,2022-09-07 14:40:00,800774890,8003CF520,1223.16,"$1,223.16",US Dollar,ACH,11.926557540893555,0.9999934434890747,High,98,True,6,6,False,
TX-SIM-00066,2022-09-07 16:05:00,805756EB0,80EA08F30,17924.36,"$17,924.36",US Dollar,ACH,12.707319259643555,0.9999970197677612,High,98,True,9,9,False,
TX-SIM-00067,2022-09-07 17:36:00,805756EB0,809713AD0,16115.4,"$16,115.40",Euro,ACH,12.097373962402344,0.9999943971633911,High,98,True,10,10,False,
TX-SIM-00068,2022-09-07 18:45:00,805756EB0,8061FBE10,12249.89,"$12,249.89",US Dollar,ACH,11.940160751342773,0.9999934434890747,High,98,True,11,11,False,
TX-SIM-00069,2022-09-08 02:34:00,8070C98A0,8070C98A0,2179.84,"$2,179.84",US Dollar,ACH,-18.11817741394043,1.3532422293849322e-08,Low,5,False,1,1,False,
TX-SIM-00070,2022-09-08 02:59:00,8173C5700,819B844C0,110.67,$110.67,US Dollar,Cheque,13.16231632232666,0.9999980926513672,High,99,False,1,1,False,
TX-SIM-00071,2022-09-08 06:37:00,805756EB0,8010542C0,19729.08,"$19,729.08",US Dollar,ACH,11.920063972473145,0.9999933242797852,High,98,True,12,12,False,
TX-SIM-00072,2022-09-08 13:10:00,800774890,8014FCB10,13992.33,"$13,992.33",Euro,ACH,11.72861099243164,0.9999918937683105,High,98,True,7,7,False,
TX-SIM-00073,2022-09-08 14:44:00,81897DD10,818D46070,634.98,$634.98,Saudi Riyal,Credit Card,10.550546646118164,0.9999737739562988,High,99,False,1,1,False,
TX-SIM-00074,2022-09-08 18:17:00,805756EB0,8054F7BB0,92046.04,"$92,046.04",Yuan,ACH,11.69790267944336,0.9999916553497314,High,98,True,13,13,False,
TX-SIM-00075,2022-09-08 18:58:00,80009B8E0,80C6EBF80,71.95,$71.95,UK Pound,Credit Card,12.18655014038086,0.9999948740005493,High,99,False,1,1,False,
TX-SIM-00076,2022-09-08 20:22:00,800774890,800231EA0,11767.05,"$11,767.05",US Dollar,ACH,11.501633644104004,0.9999898672103882,High,98,True,8,8,False,
TX-SIM-00077,2022-09-09 01:42:00,800245AD0,800F36730,6.45,$6.45,US Dollar,Credit Card,7.401744365692139,0.9993901252746582,High,99,False,1,1,False,
TX-SIM-00078,2022-09-09 02:29:00,802B12070,8116929A0,6088.64,"$6,088.64",Euro,Cheque,12.875537872314453,0.9999974966049194,High,99,False,1,1,False,
TX-SIM-00079,2022-09-09 02:59:00,800774890,80011E2A0,2382.82,"$2,382.82",US Dollar,ACH,10.011959075927734,0.9999551773071289,High,98,True,9,9,False,
TX-SIM-00080,2022-09-09 13:47:00,800774890,800323610,16277.32,"$16,277.32",Euro,ACH,10.866296768188477,0.9999809265136719,High,98,True,10,10,False,
TX-SIM-00081,2022-09-09 16:39:00,800774890,800278A90,13155.94,"$13,155.94",Euro,ACH,10.499852180480957,0.9999724626541138,High,98,True,11,11,False,
TX-SIM-00082,2022-09-09 20:34:00,800774890,8001744F0,5016.28,"$5,016.28",US Dollar,ACH,9.69378662109375,0.9999383687973022,High,98,True,12,12,False,
TX-SIM-00083,2022-09-09 21:04:00,801717B00,802ED3AC0,1184.6,"$1,184.60",Euro,Credit Card,9.638301849365234,0.9999347925186157,High,99,False,1,1,False,
TX-SIM-00084,2022-09-09 21:34:00,800774890,8005F8370,7707.74,"$7,707.74",Euro,ACH,9.801981925964355,0.9999446868896484,High,98,True,13,13,False,
TX-SIM-00085,2022-09-10 01:11:00,8128067C0,8132E5060,275.21,$275.21,Brazil Real,Cash,13.838626861572266,0.9999990463256836,High,99,False,1,1,False,
TX-SIM-00086,2022-09-10 17:54:00,805D120A0,8095E9C40,4160.34,"$4,160.34",Euro,Cheque,17.178518295288086,1.0,High,99,False,1,1,False,
TX-SIM-00087,2022-09-10 20:39:00,80BF623F0,80F9F98C0,12822.83,"$12,822.83",Australian Dollar,ACH,18.221019744873047,1.0,High,99,True,1,1,True,Escalated to Fraud: Sender 80BF623F0 branched to 2 receivers at Tx #TX-SIM-00088
TX-SIM-00088,2022-09-10 21:17:00,80BF623F0,80E119340,16037.19,"$16,037.19",US Dollar,ACH,15.926509857177734,0.9999998807907104,High,98,True,2,2,False,
TX-SIM-00089,2022-09-10 23:08:00,80BF623F0,8033AFA50,19349700.95,$19.35M,Yuan,ACH,25.062402725219727,1.0,High,98,True,3,3,False,
TX-SIM-00090,2022-09-12 11:16:00,80BF623F0,801618FE0,11290.88,"$11,290.88",Euro,ACH,12.424156188964844,0.9999959468841553,High,98,True,4,4,False,
TX-SIM-00091,2022-09-12 13:05:00,80BF623F0,80C58FC30,1862.83,"$1,862.83",Euro,ACH,12.210693359375,0.9999949932098389,High,98,True,5,5,False,
TX-SIM-00092,2022-09-12 16:47:00,80BF623F0,804C8AB80,14290.87,"$14,290.87",Yuan,ACH,13.036006927490234,0.9999978542327881,High,98,True,6,6,False,
TX-SIM-00093,2022-09-12 21:16:00,80BF623F0,80F49DC80,12421.63,"$12,421.63",Australian Dollar,ACH,13.121031761169434,0.9999979734420776,High,98,True,7,7,False,
TX-SIM-00094,2022-09-13 12:07:00,80BF623F0,8064D3510,15112.76,"$15,112.76",US Dollar,ACH,12.218223571777344,0.9999951124191284,High,98,True,8,8,False,
TX-SIM-00095,2022-09-13 19:55:00,80BF623F0,80B56A940,13235.14,"$13,235.14",US Dollar,ACH,11.893609046936035,0.9999932050704956,High,98,True,9,9,False,
TX-SIM-00096,2022-09-13 20:36:00,80BF623F0,802DC7DC0,7702.59,"$7,702.59",US Dollar,ACH,11.699525833129883,0.9999916553497314,High,98,True,10,10,False,
TX-SIM-00097,2022-09-13 21:51:00,80BF623F0,809B05D90,1413455.12,$1.41M,Rupee,ACH,12.229122161865234,0.9999951124191284,High,98,True,11,11,False,
TX-SIM-00098,2022-09-14 09:36:00,80BF623F0,80B880140,12499.2,"$12,499.20",US Dollar,ACH,11.496400833129883,0.9999898672103882,High,98,True,12,12,False,
TX-SIM-00099,2022-09-14 10:06:00,80BF623F0,805F5B360,3902.74,"$3,902.74",Euro,ACH,10.894670486450195,0.9999814033508301,High,98,True,13,13,False,
TX-SIM-00100,2022-09-14 14:10:00,80BF623F0,8057B5070,15565.88,"$15,565.88",US Dollar,ACH,11.233824729919434,0.9999867677688599,High,98,True,14,14,False,
